rev_id,user,timestamp
1136071,BeneBot*,2012-12-08T14:56:36Z
12726787,Marcvs42,2013-03-16T14:02:57Z
12726924,Marcvs42,2013-03-16T14:03:38Z
31641764,93.78.125.185,2013-04-27T11:09:02Z
31643709,Stryn,2013-04-27T11:14:13Z
32221039,2.109.233.118,2013-04-28T15:26:04Z
32221334,Iste Praetor,2013-04-28T15:26:53Z
36510571,BetaBot,2013-05-06T15:06:53Z
40616524,180.254.103.16,2013-05-12T16:05:52Z
40656122,98.200.44.103,2013-05-12T17:00:28Z
40656184,98.200.44.103,2013-05-12T17:00:33Z
40656495,98.200.44.103,2013-05-12T17:00:58Z
40706046,HigherFive,2013-05-12T18:13:17Z
41203594,180.249.63.23,2013-05-13T08:08:57Z
41256814,Stryn,2013-05-13T09:45:16Z
41796151,KLBot2,2013-05-14T04:07:49Z
41796159,KLBot2,2013-05-14T04:07:50Z
41913199,203.146.92.162,2013-05-14T08:24:23Z
41913358,203.146.92.162,2013-05-14T08:24:39Z
41913405,203.146.92.162,2013-05-14T08:24:45Z
42607484,Nullzerobot,2013-05-15T15:50:52Z
42668025,212.187.17.80,2013-05-15T20:26:05Z
42690271,Chrumps,2013-05-15T21:45:43Z
44696733,189.55.242.93,2013-05-20T23:22:36Z
44729553,Andreasmperu,2013-05-21T03:02:33Z
44930274,Iniquity,2013-05-22T10:06:33Z
45272007,BetaBot,2013-05-23T06:08:57Z
49527691,Aurora,2013-06-04T15:03:17Z
49527696,Aurora,2013-06-04T15:03:22Z
49527708,Aurora,2013-06-04T15:03:36Z
49920243,PLbot,2013-06-09T10:37:30Z
49920245,PLbot,2013-06-09T10:37:31Z
50541720,Baisulis,2013-06-14T12:16:43Z
53811155,114.79.0.3,2013-07-02T06:10:22Z
54000184,89.122.85.176,2013-07-03T03:40:08Z
54019290,Lakokat,2013-07-03T06:51:00Z
54104392,The Anonymouse,2013-07-03T18:34:45Z
54104407,The Anonymouse,2013-07-03T18:34:52Z
54104412,The Anonymouse,2013-07-03T18:34:56Z
54104414,The Anonymouse,2013-07-03T18:34:57Z
54338098,Yoxem,2013-07-05T08:36:57Z
54533735,Narutolovehinata5,2013-07-06T10:46:51Z
54639639,MazinX,2013-07-07T13:18:19Z
54639787,MazinX,2013-07-07T13:19:26Z
54639798,MazinX,2013-07-07T13:19:34Z
56391584,Ashkan P.,2013-07-11T11:24:27Z
57387139,Rezabot,2013-07-13T13:04:43Z
57545249,Ashkan P.,2013-07-14T06:17:40Z
57545531,Ashkan P.,2013-07-14T06:18:32Z
63212615,Lockedo,2013-08-02T15:02:42Z
64168294,217.164.86.8,2013-08-05T06:58:25Z
65528693,202.67.40.2,2013-08-14T02:02:57Z
65551156,Matƒõj Such√°nek,2013-08-14T08:17:00Z
65856544,113.171.113.229,2013-08-15T17:37:50Z
69385728,BetaBot,2013-09-10T04:07:04Z
69396012,BetaBot,2013-09-10T05:06:37Z
69405679,BetaBot,2013-09-10T06:05:45Z
69414454,BetaBot,2013-09-10T07:07:50Z
69497939,Nix√≥n,2013-09-10T15:26:14Z
71091503,91.154.23.131,2013-09-18T12:42:41Z
73885610,Yukari Aoi,2013-10-01T09:13:31Z
79054826,79.181.203.15,2013-10-17T15:41:03Z
79416637,220.129.239.177,2013-10-19T14:13:14Z
79447519,Glaisher,2013-10-19T17:01:52Z
80834552,Dexbot,2013-10-23T05:36:11Z
82937134,184.65.41.220,2013-10-31T13:38:01Z
91677499,Zedin6,2013-12-05T22:11:48Z
92023740,Legobot,2013-12-08T02:43:06Z
92023743,Legobot,2013-12-08T02:43:07Z
93246309,Sasuke88,2013-12-13T15:52:46Z
93261949,Csigabi,2013-12-13T18:57:08Z
97679356,Skilurus,2014-01-01T21:33:57Z
98367049,Hoo Bot,2014-01-04T17:17:16Z
99771415,Breogan2008,2014-01-09T23:23:18Z
99955971,Dexbot,2014-01-10T20:34:47Z
105558510,GPUBot,2014-01-27T17:13:08Z
105558517,GPUBot,2014-01-27T17:13:09Z
106727618,Vesihiisi,2014-01-31T08:38:08Z
108013914,ÏΩ©Í∞ÄÎ£®,2014-02-06T11:40:10Z
109920829,◊ì◊í ◊ë◊ú◊ô ◊û◊ú◊ó,2014-02-16T21:08:51Z
112882996,Dexbot,2014-02-28T23:29:39Z
113461970,Dexbot,2014-03-02T16:40:27Z
114351590,Daveed93,2014-03-06T12:46:15Z
114354042,ZrbtWm,2014-03-06T13:00:42Z
114354066,ZrbtWm,2014-03-06T13:00:54Z
114354126,ZrbtWm,2014-03-06T13:01:23Z
116343142,Krdbot,2014-03-15T12:30:50Z
116343148,Krdbot,2014-03-15T12:30:51Z
116472808,ÏΩ©Í∞ÄÎ£®,2014-03-16T04:39:03Z
116526887,ÏΩ©Í∞ÄÎ£®,2014-03-16T13:49:13Z
116530412,ÏΩ©Í∞ÄÎ£®,2014-03-16T14:14:55Z
117819146,Steenthbot,2014-03-24T20:37:52Z
117819168,Steenthbot,2014-03-24T20:38:02Z
120255723,Don-kun,2014-04-11T19:08:15Z
120255731,Don-kun,2014-04-11T19:08:22Z
120339042,Hromino,2014-04-12T08:12:54Z
126301462,AkkakkBot,2014-05-06T19:58:14Z
127450973,AkkakkBot,2014-05-09T23:15:40Z
132584265,Kareyac,2014-05-23T02:41:19Z
132613263,AkkakkBot,2014-05-23T04:39:52Z
138649864,Hromino,2014-06-18T10:36:40Z
148588923,DoraMoon,2014-07-31T10:56:12Z
148612173,Dk1919 Franking,2014-07-31T13:38:48Z
148638992,DoraMoon,2014-07-31T16:24:00Z
149497999,Dexbot,2014-08-04T15:31:48Z
150319020,Ereyiz,2014-08-10T21:18:17Z
150408276,Ereyiz,2014-08-11T10:35:21Z
156385866,1l2,2014-09-08T21:57:55Z
158271603,Dexbot,2014-09-18T20:01:29Z
158820602,EmausBot,2014-09-20T21:10:48Z
159503749,110.154.156.140,2014-09-24T05:24:44Z
159800940,Danrok,2014-09-26T11:52:25Z
165416053,Liuxinyu970226,2014-10-18T11:17:25Z
174347959,RobotMichiel1972,2014-11-15T16:22:54Z
176950675,Alexandra IDV,2014-11-26T09:55:56Z
177449276,Haplology,2014-11-28T01:28:22Z
185056983,RobotMichiel1972,2014-12-31T14:30:38Z
185364921,178.128.126.218,2015-01-01T17:51:24Z
185364932,178.128.126.218,2015-01-01T17:51:27Z
187070101,Ptjackyll,2015-01-10T19:58:06Z
190101410,Manga31,2015-01-23T11:42:00Z
197520420,Seiya,2015-02-18T12:22:47Z
200427975,Azerifactory,2015-03-01T20:32:38Z
200600702,AkkakkBot,2015-03-02T08:52:46Z
202412789,Aldnonymous,2015-03-08T16:51:35Z
203558393,EmausBot,2015-03-12T10:21:37Z
208607952,Thibaut120094,2015-04-03T14:15:01Z
211086159,Christophe95,2015-04-16T22:43:23Z
211118682,Infovarius,2015-04-17T06:10:18Z
211118686,Infovarius,2015-04-17T06:10:20Z
215225167,Tekstman,2015-05-12T09:12:49Z
225557176,Louhik√§rmes,2015-07-01T05:34:37Z
240219694,KasparBot,2015-08-12T10:39:46Z
243112543,111.181.49.2,2015-08-17T10:30:41Z
245628449,Avilena,2015-08-26T17:53:05Z
248058658,Dexbot,2015-09-05T16:27:16Z
252877080,LeafGreen,2015-09-20T01:52:17Z
253915752,Bennort,2015-09-27T15:01:08Z
254778551,Bradipo Lento,2015-10-04T14:27:08Z
254876993,Dexbot,2015-10-04T20:00:38Z
262149342,TomT0m,2015-10-24T23:46:55Z
270886907,Edoardo88,2015-11-12T17:57:19Z
270886912,Edoardo88,2015-11-12T17:57:20Z
271102057,–ú—É—Ä–∞–¥ 97,2015-11-13T08:35:56Z
275271283,Thibaut120094,2015-11-19T20:40:25Z
275271286,Thibaut120094,2015-11-19T20:40:26Z
285435707,OskarsC,2015-12-24T01:11:31Z
300998416,Yuri ar,2016-02-05T16:32:27Z
303171645,Pasleim,2016-02-12T13:34:56Z
303171651,Pasleim,2016-02-12T13:34:57Z
303646150,Mbch331,2016-02-14T11:04:48Z
303646156,Mbch331,2016-02-14T11:04:49Z
316254952,AnelBakayeva NIS,2016-03-28T14:45:12Z
340209983,Dexbot,2016-05-25T21:28:30Z
344865811,AmaryllisGardener,2016-06-08T01:45:42Z
344865828,AmaryllisGardener,2016-06-08T01:45:47Z
348375112,DoraMoon,2016-06-17T07:34:30Z
349503091,Edoardo88,2016-06-21T11:33:18Z
349503094,Edoardo88,2016-06-21T11:33:19Z
349542698,Firippu-san,2016-06-21T13:13:40Z
349542712,Firippu-san,2016-06-21T13:13:44Z
349542809,Firippu-san,2016-06-21T13:14:19Z
349542859,Firippu-san,2016-06-21T13:14:36Z
352069208,Raamaturott,2016-06-29T11:35:02Z
353984975,Marcvs42,2016-07-04T01:13:42Z
361147045,Bradipo Lento,2016-08-01T18:53:11Z
365970883,Firippu-san,2016-08-18T10:06:46Z
367412063,BlackHust,2016-08-20T23:43:06Z
367770434,Deerstop,2016-08-21T12:30:05Z
375511909,Vicinis,2016-09-11T20:39:13Z
376614756,Vicinis,2016-09-15T20:45:33Z
383489777,Christian140,2016-10-03T12:09:57Z
383489798,Christian140,2016-10-03T12:10:01Z
386709619,Bradipo Lento,2016-10-11T11:34:18Z
389344954,Leandro Drudo,2016-10-15T23:28:23Z
389661311,Edgars2007,2016-10-16T08:50:06Z
389661325,Edgars2007,2016-10-16T08:50:07Z
390504402,187.134.36.134,2016-10-17T22:05:15Z
390504776,Jared Preston,2016-10-17T22:09:15Z
396497668,Thierry Caro,2016-10-27T00:43:44Z
396497677,Thierry Caro,2016-10-27T00:43:45Z
400959174,KasparBot,2016-11-04T13:03:22Z
400959180,KasparBot,2016-11-04T13:03:23Z
415883919,EmausBot,2016-12-12T14:08:00Z
415885124,Dream Focus,2016-12-12T14:11:52Z
415900946,Anthony Appleyard,2016-12-12T15:11:11Z
425241758,Sdf,2017-01-07T07:19:09Z
425988146,Telaneo,2017-01-09T16:48:03Z
431979906,Lepido,2017-01-17T17:37:20Z
437675083,EranBot,2017-01-28T12:08:26Z
440025844,Pigsonthewing-bot,2017-01-31T12:55:47Z
440025846,Pigsonthewing-bot,2017-01-31T12:55:48Z
444352022,PearlieGirl,2017-02-09T05:00:49Z
446016503,EdgarsBot,2017-02-11T11:26:25Z
446016510,EdgarsBot,2017-02-11T11:26:26Z
452489194,Lockal,2017-02-19T21:04:36Z
462877009,Thierry Caro,2017-03-07T02:50:46Z
462877013,Thierry Caro,2017-03-07T02:50:47Z
471991917,Sakretsu,2017-04-02T14:53:34Z
472294525,Sakretsu,2017-04-04T13:09:01Z
472406365,Murak0,2017-04-05T08:01:04Z
475373367,Tojdor,2017-04-16T05:43:43Z
475373497,Tojdor,2017-04-16T05:44:50Z
475379691,Tojdor,2017-04-16T06:23:23Z
475843718,PuffGuy,2017-04-17T13:07:48Z
486680941,Beko,2017-05-16T09:34:45Z
486680943,Beko,2017-05-16T09:34:46Z
488205482,Pilvede Taga,2017-05-22T11:48:26Z
488575927,Andres,2017-05-23T06:13:50Z
491323843,Asierog,2017-05-28T01:36:19Z
491323847,Asierog,2017-05-28T01:36:20Z
491323874,Asierog,2017-05-28T01:36:28Z
493917459,Shumaila.kausar555,2017-06-03T05:37:56Z
495629563,Boollieva,2017-06-05T13:37:23Z
495850442,Lazar Madalina,2017-06-05T20:01:33Z
498041078,Abandoner,2017-06-09T07:54:50Z
502016535,JersyJacob,2017-06-17T05:46:16Z
506947791,JersyJacob,2017-06-26T04:30:14Z
506949278,JersyJacob,2017-06-26T04:32:50Z
506949288,JersyJacob,2017-06-26T04:32:51Z
508050449,105.142.91.200,2017-06-27T11:51:15Z
508545280,NMaia,2017-06-28T01:33:14Z
508545373,NMaia,2017-06-28T01:33:36Z
515944275,156.212.242.241,2017-07-08T08:11:54Z
516887309,ê∞áê±Öê∞öê∞§,2017-07-09T18:35:24Z
518169860,Amitbjadhav,2017-07-12T13:19:00Z
525748380,ÿ£ŸÜŸàÿ±,2017-07-25T22:11:06Z
525748393,ÿ£ŸÜŸàÿ±,2017-07-25T22:11:08Z
525748753,ÿ£ŸÜŸàÿ±,2017-07-25T22:12:00Z
538400395,ÿ£ŸÜŸàÿ±,2017-08-15T11:24:05Z
542154400,ÿ£ŸÜŸàÿ±,2017-08-20T14:47:36Z
542154763,ÿ£ŸÜŸàÿ±,2017-08-20T14:47:59Z
546754626,Wdpp,2017-08-26T16:16:09Z
568460404,Pastelbleu,2017-09-29T01:26:15Z
569841655,Sdf,2017-09-30T13:48:43Z
570160524,Davidzdh,2017-10-01T01:03:54Z
582498483,Lewis Hulbert,2017-10-22T01:09:27Z
584132742,ÿ£ŸÜŸàÿ±,2017-10-25T22:02:47Z
584132747,ÿ£ŸÜŸàÿ±,2017-10-25T22:02:48Z
584132754,ÿ£ŸÜŸàÿ±,2017-10-25T22:02:49Z
611041528,Super ninja2,2017-12-19T21:28:59Z
612723823,Wdpp,2017-12-23T11:28:18Z
619916256,Bradipo Lento,2018-01-13T20:16:15Z
619919473,Bradipo Lento,2018-01-13T20:23:57Z
621356821,White Demon,2018-01-17T18:20:52Z
621408312,Dishual,2018-01-17T22:18:38Z
621526278,Sight Contamination,2018-01-18T16:07:50Z
621526341,Sight Contamination,2018-01-18T16:08:03Z
622508278,154.121.4.143,2018-01-22T07:04:46Z
622510011,YMS,2018-01-22T07:35:11Z
630314748,1-Byte,2018-02-12T13:46:22Z
633293999,Vanished user ABD21F7C43,2018-02-18T17:22:09Z
637823978,Ehtowol,2018-02-24T11:25:33Z
644459360,85.140.0.109,2018-03-06T15:08:45Z
650893997,Mhl20,2018-03-17T01:22:31Z
653542154,Jura1,2018-03-20T15:30:56Z
653542165,Jura1,2018-03-20T15:30:57Z
667375648,Jnylen,2018-04-20T17:46:31Z
670998769,MisterSynergy,2018-04-28T18:20:54Z
674047757,Rotpunkt,2018-05-04T09:50:28Z
674047770,Rotpunkt,2018-05-04T09:50:29Z
676592670,MisterSynergy,2018-05-09T16:35:34Z
680726884,Maxlath,2018-05-17T15:06:43Z
680726900,Maxlath,2018-05-17T15:06:47Z
688293378,Soyomogi,2018-06-01T08:24:38Z
688293533,Soyomogi,2018-06-01T08:24:58Z
703300914,Pintoch,2018-06-27T07:55:06Z
708219342,EmausBot,2018-07-08T21:39:52Z
711493019,MatSuBot,2018-07-16T04:43:57Z
722961137,CennoxX,2018-08-08T15:26:38Z
724241639,CennoxX,2018-08-11T11:06:30Z
728206164,MisstressD,2018-08-17T23:52:24Z
729271452,ValterVBot,2018-08-19T11:47:42Z
729280043,QuickStatementsBot,2018-08-19T12:01:16Z
731513126,Tagishsimon,2018-08-22T13:03:37Z
735787585,Simon Villeneuve,2018-08-28T13:33:22Z
735787599,Simon Villeneuve,2018-08-28T13:33:23Z
743945749,Eru,2018-09-10T17:11:00Z
747283285,Pintoch,2018-09-16T19:28:18Z
748247517,Argo Carpathians,2018-09-18T08:54:45Z
748247539,Argo Carpathians,2018-09-18T08:54:50Z
748247549,Argo Carpathians,2018-09-18T08:54:51Z
752574969,Racsho,2018-09-25T20:55:39Z
752575174,Racsho,2018-09-25T20:56:00Z
753555994,„É¶„ÉÉ„ÇØ,2018-09-27T06:27:00Z
753556141,„É¶„ÉÉ„ÇØ,2018-09-27T06:27:23Z
753556253,„É¶„ÉÉ„ÇØ,2018-09-27T06:27:42Z
754195786,„É¶„ÉÉ„ÇØ,2018-09-28T14:31:55Z
756612802,„É¶„ÉÉ„ÇØ,2018-10-03T07:07:32Z
756612827,„É¶„ÉÉ„ÇØ,2018-10-03T07:07:36Z
756624375,Cavaliere grande,2018-10-03T07:52:30Z
757283976,177.53.14.248,2018-10-04T23:09:03Z
764769146,Spinoziano,2018-10-15T12:01:42Z
775485764,VulcanSphere,2018-10-28T12:38:01Z
792718714,NewWuuWiki,2018-11-18T03:49:11Z
800871551,MatSuBot,2018-11-28T11:19:17Z
809690106,Kam Solusar,2018-12-11T13:10:27Z
809690195,Kam Solusar,2018-12-11T13:10:39Z
812389170,-Zest,2018-12-15T15:31:33Z
815445243,Amihan27,2018-12-19T21:55:23Z
816760887,Zelio007,2018-12-21T18:33:06Z
821224527,Christian140,2018-12-27T14:08:36Z
821224983,Christian140,2018-12-27T14:10:20Z
821225230,Christian140,2018-12-27T14:11:15Z
821225295,Christian140,2018-12-27T14:11:27Z
821628774,Christian140,2018-12-28T08:52:18Z
822118070,192.141.247.38,2018-12-29T10:00:43Z
822118237,192.141.247.38,2018-12-29T10:01:04Z
823227237,Wolver√®ne,2018-12-30T19:21:10Z
824381520,MatSuBot,2018-12-31T23:20:56Z
829572780,Christian140,2019-01-07T16:42:08Z
830454094,Ejmeza,2019-01-08T19:19:46Z
833307895,Meno25,2019-01-13T00:34:44Z
837377711,Xezbeth,2019-01-19T07:28:01Z
859569758,Jayayar,2019-02-17T08:11:29Z
869746022,MatSuBot,2019-02-28T03:58:51Z
884612097,Edoardo88,2019-03-16T10:33:27Z
884612110,Edoardo88,2019-03-16T10:33:28Z
899078559,CennoxX,2019-03-31T19:33:55Z
927768002,Racsho,2019-04-29T10:01:22Z
929645853,JuanTo√±o,2019-05-01T04:01:06Z
929645981,JuanTo√±o,2019-05-01T04:01:19Z
929646086,JuanTo√±o,2019-05-01T04:01:28Z
929646252,JuanTo√±o,2019-05-01T04:01:43Z
929646350,JuanTo√±o,2019-05-01T04:01:52Z
929646449,JuanTo√±o,2019-05-01T04:02:01Z
931252359,Christian140,2019-05-02T17:00:19Z
931675315,Zyksnowy,2019-05-03T03:52:39Z
931675444,Zyksnowy,2019-05-03T03:52:52Z
931675494,Zyksnowy,2019-05-03T03:52:57Z
937196894,„É¶„ÉÉ„ÇØ,2019-05-09T04:09:49Z
938047462,–ü–µ—Ç–∞—Ä –ü–µ—Ç–∫–æ–≤–∏—õ,2019-05-10T02:21:59Z
938047475,–ü–µ—Ç–∞—Ä –ü–µ—Ç–∫–æ–≤–∏—õ,2019-05-10T02:22:00Z
938047487,–ü–µ—Ç–∞—Ä –ü–µ—Ç–∫–æ–≤–∏—õ,2019-05-10T02:22:01Z
940768082,Tawan Silva Mendes,2019-05-13T04:12:37Z
943230084,Ep√¨dosis,2019-05-16T21:15:17Z
943230142,Ep√¨dosis,2019-05-16T21:15:24Z
943230843,Ep√¨dosis,2019-05-16T21:16:48Z
943231065,Ep√¨dosis,2019-05-16T21:17:15Z
944806355,Aoke1989,2019-05-19T12:38:08Z
944951124,Sakretsu,2019-05-19T17:19:11Z
944951165,Sakretsu,2019-05-19T17:19:14Z
945675833,Sakretsu,2019-05-20T22:08:03Z
945675857,Sakretsu,2019-05-20T22:08:07Z
947731119,Sakretsu,2019-05-23T20:46:16Z
947731170,Sakretsu,2019-05-23T20:46:20Z
948277910,VulcanSphere,2019-05-24T18:04:03Z
948289409,VulcanSphere,2019-05-24T18:30:20Z
948544097,VulcanSphere,2019-05-25T03:34:55Z
949482247,VulcanSphere,2019-05-26T13:12:31Z
949482602,VulcanSphere,2019-05-26T13:13:14Z
949483388,VulcanSphere,2019-05-26T13:14:54Z
949485339,VulcanSphere,2019-05-26T13:18:46Z
949485385,VulcanSphere,2019-05-26T13:18:51Z
949485425,VulcanSphere,2019-05-26T13:18:55Z
949485953,VulcanSphere,2019-05-26T13:19:54Z
949486389,VulcanSphere,2019-05-26T13:20:42Z
949486440,VulcanSphere,2019-05-26T13:20:48Z
949487109,VulcanSphere,2019-05-26T13:21:59Z
949487694,VulcanSphere,2019-05-26T13:23:02Z
949488369,VulcanSphere,2019-05-26T13:24:21Z
949488956,VulcanSphere,2019-05-26T13:25:32Z
949489348,VulcanSphere,2019-05-26T13:26:20Z
949489662,VulcanSphere,2019-05-26T13:26:58Z
949490231,VulcanSphere,2019-05-26T13:28:10Z
949490621,VulcanSphere,2019-05-26T13:29:00Z
949490836,VulcanSphere,2019-05-26T13:29:30Z
949491109,VulcanSphere,2019-05-26T13:30:06Z
949491381,VulcanSphere,2019-05-26T13:30:41Z
949491770,VulcanSphere,2019-05-26T13:31:26Z
949492108,VulcanSphere,2019-05-26T13:32:08Z
949492827,VulcanSphere,2019-05-26T13:33:35Z
949493063,VulcanSphere,2019-05-26T13:34:05Z
949493905,VulcanSphere,2019-05-26T13:35:54Z
949493925,VulcanSphere,2019-05-26T13:35:56Z
949494271,VulcanSphere,2019-05-26T13:36:42Z
949494673,VulcanSphere,2019-05-26T13:37:32Z
949494738,VulcanSphere,2019-05-26T13:37:39Z
949495063,VulcanSphere,2019-05-26T13:38:22Z
949495143,VulcanSphere,2019-05-26T13:38:32Z
949495285,VulcanSphere,2019-05-26T13:38:51Z
950009030,ÿπÿ®ÿØÿßŸÑÿπÿ≤Ÿäÿ≤ ÿßŸÑŸÉÿ´Ÿäÿ±Ÿä,2019-05-27T06:09:10Z
950451045,KrBot,2019-05-27T20:14:04Z
958605358,Argo Carpathians,2019-06-09T17:54:36Z
958605494,Argo Carpathians,2019-06-09T17:54:54Z
958605531,Argo Carpathians,2019-06-09T17:54:58Z
958605543,Argo Carpathians,2019-06-09T17:54:59Z
958605858,Argo Carpathians,2019-06-09T17:55:37Z
958606002,Argo Carpathians,2019-06-09T17:55:57Z
958606069,Argo Carpathians,2019-06-09T17:56:05Z
958606258,Argo Carpathians,2019-06-09T17:56:33Z
958606412,Argo Carpathians,2019-06-09T17:56:57Z
958606494,Argo Carpathians,2019-06-09T17:57:09Z
958606611,Argo Carpathians,2019-06-09T17:57:24Z
958607291,Argo Carpathians,2019-06-09T17:58:52Z
958607684,Argo Carpathians,2019-06-09T17:59:40Z
958609987,Argo Carpathians,2019-06-09T18:04:52Z
958613594,Argo Carpathians,2019-06-09T18:13:21Z
958613624,Argo Carpathians,2019-06-09T18:13:25Z
958613651,Argo Carpathians,2019-06-09T18:13:28Z
958613769,Argo Carpathians,2019-06-09T18:13:46Z
958613873,Argo Carpathians,2019-06-09T18:14:02Z
958613938,Argo Carpathians,2019-06-09T18:14:11Z
958613990,Argo Carpathians,2019-06-09T18:14:20Z
958618525,Argo Carpathians,2019-06-09T18:25:08Z
959685587,KrBot,2019-06-11T00:19:32Z
960192347,Bloguer,2019-06-11T17:44:53Z
960192362,Bloguer,2019-06-11T17:44:55Z
960192373,Bloguer,2019-06-11T17:44:56Z
960193028,Bloguer,2019-06-11T17:46:04Z
965307145,Sammy64136,2019-06-19T20:30:53Z
965440648,Maiduynam,2019-06-20T03:35:37Z
965491373,Bencemac,2019-06-20T06:48:45Z
971190652,Christian140,2019-06-29T16:14:21Z
971190743,Christian140,2019-06-29T16:14:34Z
971190824,Christian140,2019-06-29T16:14:45Z
971190982,Christian140,2019-06-29T16:15:01Z
981084948,Ep√¨dosis,2019-07-17T14:10:44Z
981084980,Ep√¨dosis,2019-07-17T14:10:51Z
981085234,Ep√¨dosis,2019-07-17T14:11:32Z
982829143,37.134.218.3,2019-07-21T10:12:00Z
993356875,141.90.9.62,2019-08-07T10:14:07Z
994143371,151.53.18.193,2019-08-09T13:00:00Z
994252836,JC Work,2019-08-09T18:00:05Z
999573667,81.34.91.254,2019-08-21T00:17:26Z
999687814,Bencemac,2019-08-21T06:33:43Z
1006480069,Rachmat04,2019-09-01T14:52:24Z
1007198768,93.144.224.78,2019-09-02T19:59:03Z
1007937235,Argo Carpathians,2019-09-04T10:58:24Z
1007937438,Argo Carpathians,2019-09-04T10:58:50Z
1007937782,Argo Carpathians,2019-09-04T10:59:35Z
1011469745,Racsho,2019-09-11T08:29:10Z
1025760783,186.87.118.7,2019-10-04T14:22:19Z
1025819856,Hasley,2019-10-04T16:22:18Z
1036579398,Astur,2019-10-21T17:45:26Z
1036579530,Astur,2019-10-21T17:45:45Z
1052171441,Ali Sardar 06,2019-11-13T16:42:16Z
1054132858,Ezzex,2019-11-17T00:30:37Z
1054132916,Ezzex,2019-11-17T00:30:48Z
1063341024,Xiplus,2019-11-27T06:06:35Z
1064211280,Pirehelokan,2019-11-28T03:00:13Z
1071009258,MatSuBot,2019-12-07T06:49:45Z
1093271784,2001:EE0:49C4:74B0:A9A0:ABB6:8FD3:6709,2020-01-07T15:25:04Z
1093272043,2001:EE0:49C4:74B0:A9A0:ABB6:8FD3:6709,2020-01-07T15:25:40Z
1094531062,Reinheitsgebot,2020-01-09T13:32:41Z
1101795137,Bradipo Lento,2020-01-20T09:00:20Z
1106141795,MikaelF,2020-01-29T08:20:22Z
1112993608,MatSuBot,2020-02-11T00:46:32Z
1115033662,Tinker Bell,2020-02-14T08:24:15Z
1131709359,181.29.165.110,2020-03-08T05:30:15Z
1131709438,181.29.165.110,2020-03-08T05:30:21Z
1131709603,181.29.165.110,2020-03-08T05:30:36Z
1131709662,181.29.165.110,2020-03-08T05:30:41Z
1131710071,181.29.165.110,2020-03-08T05:31:15Z
1131710169,181.29.165.110,2020-03-08T05:31:24Z
1131710221,181.29.165.110,2020-03-08T05:31:29Z
1131710286,181.29.165.110,2020-03-08T05:31:35Z
1131711079,181.29.165.110,2020-03-08T05:32:45Z
1131771129,Bencemac,2020-03-08T07:07:30Z
1137323971,CE040295,2020-03-17T21:36:26Z
1137324219,CE040295,2020-03-17T21:36:45Z
1142790540,Dekuiooman,2020-03-25T16:09:51Z
1143308783,Coastaline,2020-03-26T08:25:20Z
1145347219,Dekuiooman,2020-03-29T00:17:56Z
1148713555,SR5,2020-04-02T16:11:47Z
1148713685,SR5,2020-04-02T16:11:58Z
1149791324,Wdpp,2020-04-04T08:25:11Z
1153322251,MatSuBot,2020-04-08T22:39:33Z
1171304528,OsamaK,2020-05-02T08:03:36Z
1171413609,OsamaK,2020-05-02T10:23:27Z
1171457578,OsamaK,2020-05-02T11:14:50Z
1171499285,OsamaK,2020-05-02T12:19:18Z
1175816229,Labdajiwa,2020-05-07T11:16:35Z
1180750963,Jean-Fr√©d√©ric,2020-05-13T19:48:49Z
1180751000,Jean-Fr√©d√©ric,2020-05-13T19:48:52Z
1180751039,Jean-Fr√©d√©ric,2020-05-13T19:48:55Z
1180751079,Jean-Fr√©d√©ric,2020-05-13T19:48:58Z
1180751169,Jean-Fr√©d√©ric,2020-05-13T19:49:04Z
1180751231,Jean-Fr√©d√©ric,2020-05-13T19:49:08Z
1180751278,Jean-Fr√©d√©ric,2020-05-13T19:49:12Z
1180751315,Jean-Fr√©d√©ric,2020-05-13T19:49:15Z
1180751354,Jean-Fr√©d√©ric,2020-05-13T19:49:18Z
1180751393,Jean-Fr√©d√©ric,2020-05-13T19:49:20Z
1180751436,Jean-Fr√©d√©ric,2020-05-13T19:49:23Z
1180751476,Jean-Fr√©d√©ric,2020-05-13T19:49:26Z
1180751517,Jean-Fr√©d√©ric,2020-05-13T19:49:29Z
1180751553,Jean-Fr√©d√©ric,2020-05-13T19:49:31Z
1180751589,Jean-Fr√©d√©ric,2020-05-13T19:49:34Z
1180751632,Jean-Fr√©d√©ric,2020-05-13T19:49:36Z
1213662062,Asierog,2020-06-22T01:37:38Z
1222817754,Blueberry72,2020-07-02T20:04:38Z
1225727039,Edgar Allan Poe,2020-07-06T10:23:32Z
1227136488,OsamaK,2020-07-08T09:46:07Z
1227136500,OsamaK,2020-07-08T09:46:09Z
1227136513,OsamaK,2020-07-08T09:46:13Z
1227136534,OsamaK,2020-07-08T09:46:16Z
1227136549,OsamaK,2020-07-08T09:46:19Z
1227136561,OsamaK,2020-07-08T09:46:22Z
1227136575,OsamaK,2020-07-08T09:46:26Z
1227136587,OsamaK,2020-07-08T09:46:28Z
1233788400,X meta,2020-07-18T11:21:18Z
1234520875,Racsho,2020-07-19T09:43:33Z
1241661425,Lockal,2020-07-29T12:17:34Z
1241661433,Lockal,2020-07-29T12:17:37Z
1241661447,Lockal,2020-07-29T12:17:40Z
1241670877,Lockal,2020-07-29T12:34:08Z
1268599549,Holder,2020-08-31T08:22:00Z
1271889712,RiniX,2020-09-05T20:26:19Z
1271889716,RiniX,2020-09-05T20:26:20Z
1277027115,KoveytBud,2020-09-14T06:33:57Z
1277027129,KoveytBud,2020-09-14T06:33:58Z
1277027356,KoveytBud,2020-09-14T06:34:39Z
1277040517,Lockal,2020-09-14T07:08:08Z
1277040529,Lockal,2020-09-14T07:08:10Z
1277040537,Lockal,2020-09-14T07:08:12Z
1277042419,Lockal,2020-09-14T07:12:57Z
1277042427,Lockal,2020-09-14T07:12:59Z
1277042441,Lockal,2020-09-14T07:13:02Z
1277042450,Lockal,2020-09-14T07:13:04Z
1277042461,Lockal,2020-09-14T07:13:06Z
1277042472,Lockal,2020-09-14T07:13:08Z
1277042480,Lockal,2020-09-14T07:13:10Z
1277042491,Lockal,2020-09-14T07:13:12Z
1277042508,Lockal,2020-09-14T07:13:14Z
1277042515,Lockal,2020-09-14T07:13:16Z
1277042524,Lockal,2020-09-14T07:13:18Z
1277042533,Lockal,2020-09-14T07:13:20Z
1294733537,117.236.135.161,2020-10-20T10:56:34Z
1294733645,117.236.135.161,2020-10-20T10:56:57Z
1294899927,Abdiel L√≥pez Villa,2020-10-20T21:11:48Z
1298843849,Tanvir Ahmed Zubair,2020-10-28T07:12:01Z
1299088325,Bencemac,2020-10-28T17:41:51Z
1301449738,NicereddyBot,2020-11-02T01:49:17Z
1302348519,MKM2019,2020-11-04T00:00:00Z
1302348698,MKM2019,2020-11-04T00:00:36Z
1308089245,Leptictidium,2020-11-17T19:47:52Z
1308118811,Bloguer,2020-11-17T21:30:35Z
1308118821,Bloguer,2020-11-17T21:30:37Z
1308994031,Janik98,2020-11-19T16:38:04Z
1308994909,Janik98,2020-11-19T16:40:04Z
1313047953,170.231.223.180,2020-11-25T18:55:49Z
1313300159,Bencemac,2020-11-26T07:56:38Z
1316178821,Xezbeth,2020-12-01T09:02:22Z
1321440427,Dotruonggiahy12,2020-12-11T20:42:32Z
1326871110,KofiKitsune,2020-12-22T08:49:46Z
1329256838,Andreevart,2020-12-26T16:56:18Z
1330842513,‡¶ï‡ßÅ‡¶â ‡¶™‡ßÅ‡¶≤‡¶ï,2020-12-29T12:55:22Z
1333623540,BorkedBot,2021-01-02T12:26:46Z
1334689818,MatSuBot,2021-01-04T11:20:18Z
1335210697,ÊâøÂ±ï,2021-01-05T09:26:32Z
1335384690,Krassotkin,2021-01-05T16:57:34Z
1335587937,Asierog,2021-01-06T00:58:06Z
1335590037,Asierog,2021-01-06T01:01:54Z
1335591628,Asierog,2021-01-06T01:04:55Z
1335591645,Asierog,2021-01-06T01:04:58Z
1335592691,Asierog,2021-01-06T01:07:08Z
1335593198,Asierog,2021-01-06T01:08:06Z
1340770814,Kasymov,2021-01-14T09:15:44Z
1348207077,Hijk910,2021-01-25T16:36:57Z
1348207092,Hijk910,2021-01-25T16:36:58Z
1348207107,Hijk910,2021-01-25T16:36:59Z
1348207121,Hijk910,2021-01-25T16:37:00Z
1351871657,182.2.38.109,2021-01-31T11:18:33Z
1355406901,2003:E6:7F0E:2900:64A1:16DE:136D:E68B,2021-02-05T22:47:36Z
1355637174,Bencemac,2021-02-06T08:21:44Z
1358131877,113.190.242.4,2021-02-10T03:31:48Z
1358131900,113.190.242.4,2021-02-10T03:31:51Z
1361664112,Krimadl,2021-02-15T10:05:24Z
1362014810,194.38.58.32,2021-02-15T19:02:47Z
1362226789,ŸÉŸàŸÑÿØ,2021-02-16T01:00:34Z
1362226805,ŸÉŸàŸÑÿØ,2021-02-16T01:00:35Z
1369063758,78.30.26.146,2021-02-24T12:30:12Z
1370273238,Leandro Drudo,2021-02-25T21:34:31Z
1371288895,KrBot,2021-02-27T05:59:56Z
1372270264,139.47.116.27,2021-02-28T12:51:26Z
1373146372,LBenKenobi,2021-03-01T15:17:32Z
1373353048,Chinamoonroll,2021-03-01T21:29:42Z
1378085206,MatSuBot,2021-03-08T18:21:53Z
1379279993,91.103.251.42,2021-03-10T14:32:15Z
1381858841,Overcast07,2021-03-14T15:13:41Z
1385949234,–£—Ä—ã–ª,2021-03-20T01:14:52Z
1389420498,Senidu 1234,2021-03-25T09:29:55Z
1393630629,Ralffralff,2021-03-31T13:09:28Z
1395825851,93.178.40.230,2021-04-04T10:55:29Z
1395825867,93.178.40.230,2021-04-04T10:55:33Z
1395897547,Bencemac,2021-04-04T14:12:30Z
1396041992,Joanastasia,2021-04-04T20:25:01Z
1396182606,MatSuBot,2021-04-05T06:40:38Z
1396185689,Bencemac,2021-04-05T06:56:15Z
1396510433,Gauravahlawat81,2021-04-05T18:56:04Z
1397576527,Erazmy,2021-04-07T17:09:17Z
1397615419,A09,2021-04-07T18:38:08Z
1398014546,Tr·∫ßn Nguy·ªÖn Minh Huy,2021-04-08T15:45:06Z
1398122754,186.70.189.93,2021-04-08T18:49:46Z
1398157381,Ideophagous,2021-04-08T19:51:41Z
1398296968,Labdajiwa,2021-04-09T02:13:06Z
1398398608,Bencemac,2021-04-09T07:30:07Z
1398398780,Bencemac,2021-04-09T07:30:37Z
1398398886,Bencemac,2021-04-09T07:30:56Z
1398664370,JAnDbot,2021-04-09T16:57:07Z
1400040324,Bcxfu75k,2021-04-11T20:49:47Z
1400225328,MatSuBot,2021-04-12T05:29:27Z
1401257889,Ideophagous,2021-04-13T21:05:34Z
1401432999,Ideophagous,2021-04-14T06:59:47Z
1401433081,Ideophagous,2021-04-14T07:00:00Z
1401433413,Ideophagous,2021-04-14T07:00:53Z
1401433461,Ideophagous,2021-04-14T07:01:00Z
1405899545,Stevenliuyi,2021-04-21T14:19:05Z
1409923229,Brantmeierz,2021-04-28T00:27:07Z
1409923292,Brantmeierz,2021-04-28T00:27:17Z
1409926014,Brantmeierz,2021-04-28T00:33:42Z
1410520632,Ôº®00000000000,2021-04-28T22:54:54Z
1410521780,Ôº®00000000000,2021-04-28T22:57:11Z
1410582007,Stevenliuyi,2021-04-29T01:01:47Z
1411373539,YukaSylvie,2021-04-30T07:14:07Z
1414232188,Msingca,2021-05-04T03:42:56Z
1414648826,KrHas,2021-05-04T16:36:53Z
1415224716,Floyd-out,2021-05-05T12:36:19Z
1415858866,KrHas,2021-05-06T08:32:47Z
1415858871,KrHas,2021-05-06T08:32:48Z
1415858876,KrHas,2021-05-06T08:32:50Z
1418266941,Misibacsi,2021-05-10T06:12:15Z
1419037480,Shafin Rahman Fuad,2021-05-11T14:02:33Z
1420834290,Hugener,2021-05-15T03:26:55Z
1422415351,MatSuBot,2021-05-17T03:32:11Z
1422761639,85.92.190.251,2021-05-17T13:47:14Z
1423609283,Bencemac,2021-05-18T18:08:55Z
1425746370,Thanhchiit,2021-05-21T14:41:06Z
1428739537,KrBot,2021-05-25T21:39:21Z
1428739545,KrBot,2021-05-25T21:39:22Z
1431004090,Danwasd,2021-05-29T17:27:52Z
1435967078,KrBot,2021-06-06T03:07:29Z
1435967081,KrBot,2021-06-06T03:07:30Z
1444630932,Njzjz,2021-06-19T09:00:49Z
1448664039,Tahmid,2021-06-25T16:34:20Z
1450308740,J 1982,2021-06-28T09:36:15Z
1450308820,J 1982,2021-06-28T09:36:25Z
1458515387,2605:B100:E012:DC54:4849:F360:8DC0:3283,2021-07-12T04:39:02Z
1458515520,2605:B100:E012:DC54:4849:F360:8DC0:3283,2021-07-12T04:39:35Z
1466494676,122.173.30.137,2021-07-25T20:02:58Z
1466866239,Bencemac,2021-07-26T06:12:54Z
1474430046,Jul-Ar,2021-08-06T11:16:27Z
1474430601,Jul-Ar,2021-08-06T11:17:21Z
1475395224,KrBot,2021-08-07T17:42:55Z
1477423453,Abdullah Hajizade,2021-08-10T10:25:55Z
1478924852,Erazmy,2021-08-12T14:13:29Z
1478937826,Yerpo,2021-08-12T14:35:45Z
1484078405,Naz gul,2021-08-19T21:16:40Z
1485245809,BorkedBot,2021-08-21T19:00:19Z
1485245857,BorkedBot,2021-08-21T19:00:25Z
1485245932,BorkedBot,2021-08-21T19:00:31Z
1485246007,BorkedBot,2021-08-21T19:00:37Z
1485246045,BorkedBot,2021-08-21T19:00:43Z
1485297284,Epiq,2021-08-21T21:08:13Z
1488500489,Lockal,2021-08-27T15:23:03Z
1494787385,Trade,2021-09-09T00:26:14Z
1495276300,Trade,2021-09-09T23:09:34Z
1497665716,Mordex 33,2021-09-14T18:01:21Z
1501570436,130.83.152.40,2021-09-22T12:36:29Z
1501571028,130.83.152.40,2021-09-22T12:40:26Z
1501571081,130.83.152.40,2021-09-22T12:40:45Z
1501571115,130.83.152.40,2021-09-22T12:41:00Z
1501571472,130.83.152.40,2021-09-22T12:43:13Z
1501915357,201.141.236.157,2021-09-23T02:46:40Z
1501918257,201.141.236.157,2021-09-23T02:53:19Z
1501918415,201.141.236.157,2021-09-23T02:53:44Z
1501918741,Blueuniverseas,2021-09-23T02:54:42Z
1501918798,Blueuniverseas,2021-09-23T02:54:52Z
1502142741,Xezbeth,2021-09-23T12:27:18Z
1502142792,Xezbeth,2021-09-23T12:27:30Z
1507992378,KnudW,2021-10-04T20:00:46Z
1507992618,KnudW,2021-10-04T20:01:22Z
1510310841,Floyd-out,2021-10-10T11:41:06Z
1510353589,Floyd-out,2021-10-10T13:55:33Z
1510353703,Floyd-out,2021-10-10T13:56:01Z
1510370880,Floyd-out,2021-10-10T14:51:21Z
1511193437,Nafiya Ahmed,2021-10-12T16:56:10Z
1511340482,D. Alex√°nder Rodr√≠guez G.,2021-10-13T00:42:43Z
1511513202,Bencemac,2021-10-13T11:47:19Z
1513414025,MatSuBot,2021-10-18T01:49:35Z
1537128367,2600:1700:3720:3770:2C47:D6A0:D56E:3247,2021-12-01T17:48:28Z
1537128710,2600:1700:3720:3770:2C47:D6A0:D56E:3247,2021-12-01T17:49:21Z
1537128910,2600:1700:3720:3770:2C47:D6A0:D56E:3247,2021-12-01T17:49:56Z
1537129404,2600:1700:3720:3770:2C47:D6A0:D56E:3247,2021-12-01T17:51:23Z
1537129547,2600:1700:3720:3770:2C47:D6A0:D56E:3247,2021-12-01T17:51:43Z
1537129659,2600:1700:3720:3770:2C47:D6A0:D56E:3247,2021-12-01T17:52:02Z
1537130520,2600:1700:3720:3770:2C47:D6A0:D56E:3247,2021-12-01T17:54:09Z
1537131121,2600:1700:3720:3770:2C47:D6A0:D56E:3247,2021-12-01T17:55:23Z
1537131554,2600:1700:3720:3770:2C47:D6A0:D56E:3247,2021-12-01T17:56:15Z
1537131886,2600:1700:3720:3770:2C47:D6A0:D56E:3247,2021-12-01T17:56:52Z
1537227495,2600:1700:3720:3770:2C47:D6A0:D56E:3247,2021-12-01T21:58:34Z
1537235998,2600:1700:3720:3770:2C47:D6A0:D56E:3247,2021-12-01T22:24:12Z
1537237657,2600:1700:3720:3770:2C47:D6A0:D56E:3247,2021-12-01T22:29:32Z
1537237850,2600:1700:3720:3770:2C47:D6A0:D56E:3247,2021-12-01T22:30:18Z
1537242165,2600:1700:3720:3770:2C47:D6A0:D56E:3247,2021-12-01T22:40:13Z
1537242517,2600:1700:3720:3770:2C47:D6A0:D56E:3247,2021-12-01T22:41:05Z
1537248996,2600:1700:3720:3770:2C47:D6A0:D56E:3247,2021-12-01T22:58:28Z
1537249770,2600:1700:3720:3770:2C47:D6A0:D56E:3247,2021-12-01T23:00:42Z
1537615802,Alejan98,2021-12-02T15:24:07Z
1537861003,2600:1700:3720:3770:B8B6:2F51:EAD6:E08D,2021-12-03T00:47:00Z
1537862207,2600:1700:3720:3770:B8B6:2F51:EAD6:E08D,2021-12-03T00:51:18Z
1537862410,2600:1700:3720:3770:B8B6:2F51:EAD6:E08D,2021-12-03T00:52:05Z
1537864729,2600:1700:3720:3770:B8B6:2F51:EAD6:E08D,2021-12-03T00:59:37Z
1540214064,Titore,2021-12-08T03:03:47Z
1540690111,2600:1700:3720:3770:35D3:1A1D:8834:96EF,2021-12-08T22:06:57Z
1540768959,Titore,2021-12-09T02:29:44Z
1542361383,2600:1700:3720:3770:3033:392A:D2EF:5261,2021-12-11T21:24:52Z
1542363325,2600:1700:3720:3770:3033:392A:D2EF:5261,2021-12-11T21:31:41Z
1542363384,2600:1700:3720:3770:3033:392A:D2EF:5261,2021-12-11T21:31:53Z
1542367744,2600:1700:3720:3770:3033:392A:D2EF:5261,2021-12-11T21:48:21Z
1542367973,2600:1700:3720:3770:3033:392A:D2EF:5261,2021-12-11T21:49:07Z
1542368476,2600:1700:3720:3770:3033:392A:D2EF:5261,2021-12-11T21:51:00Z
1542925977,Titore,2021-12-13T00:29:36Z
1544967211,2600:1700:3720:3770:18B4:DBCD:F20A:EBDB,2021-12-16T23:04:32Z
1545166607,Titore,2021-12-17T09:34:11Z
1545272551,2404:C0:7140:0:0:0:3120:C28A,2021-12-17T13:11:22Z
1545353728,2600:1700:3720:3770:880F:5DDA:4F6D:3F8A,2021-12-17T15:26:30Z
1547975271,Titore,2021-12-22T01:09:35Z
1548442732,Pengetik-AM,2021-12-22T20:02:43Z
1549597476,Kethyga,2021-12-24T22:31:54Z
1549597480,Kethyga,2021-12-24T22:31:54Z
1555904904,Farorud,2022-01-04T08:46:36Z
1556719702,2600:1700:3720:3770:653D:D66:CC44:D501,2022-01-05T18:03:10Z
1557473490,LiberatorG,2022-01-07T00:06:14Z
1558374846,Tira11,2022-01-08T08:03:19Z
1560260292,223.197.159.32,2022-01-11T02:06:10Z
1561751800,Brantmeierz,2022-01-13T18:38:57Z
1561751953,Brantmeierz,2022-01-13T18:39:19Z
1564010299,2A03:7500:609:2C00:614E:47BF:97F6:A2C9,2022-01-17T18:02:05Z
1574092065,Baji,2022-02-07T03:12:16Z
1580791262,FateXBlood,2022-02-21T08:36:42Z
1580793592,FateXBlood,2022-02-21T08:45:38Z
1580793595,FateXBlood,2022-02-21T08:45:39Z
1585806721,BorkedBot,2022-03-02T11:00:35Z
1595092631,240F:33:7C89:1:F14F:43CD:6495:DD97,2022-03-15T16:08:52Z
1599958752,RiazACU,2022-03-21T12:15:39Z
1604000055,129.45.26.233,2022-03-27T17:00:16Z
1610567988,Andre Engels,2022-04-04T10:37:32Z
1611449201,Floyd-out,2022-04-05T08:35:25Z
1612699505,FreakyN,2022-04-06T17:24:13Z
1612699511,FreakyN,2022-04-06T17:24:13Z
1612699517,FreakyN,2022-04-06T17:24:14Z
1612699529,FreakyN,2022-04-06T17:24:14Z
1612699535,FreakyN,2022-04-06T17:24:15Z
1612699539,FreakyN,2022-04-06T17:24:16Z
1614266542,41.220.153.20,2022-04-08T11:42:42Z
1619395529,◊û◊™◊ß◊ü◊û◊ó◊©◊ë,2022-04-15T13:48:24Z
1619396203,◊û◊™◊ß◊ü◊û◊ó◊©◊ë,2022-04-15T13:50:01Z
1638706937,61.238.61.111,2022-05-14T20:32:07Z
1638706958,61.238.61.111,2022-05-14T20:32:09Z
1648683383,„ÇØ„É≠„Éã„ÇØ„É´„Ç¢„Éì„Çπ,2022-05-28T01:34:42Z
1650963096,Escarbot,2022-05-31T02:07:44Z
1660067706,JAnDbot,2022-06-14T05:49:57Z
1666537050,Argo Carpathians,2022-06-25T08:25:08Z
1666674025,Xezbeth,2022-06-25T17:12:12Z
1666674121,Xezbeth,2022-06-25T17:12:27Z
1668234494,Crystal-bot,2022-06-28T22:19:08Z
1668234501,Crystal-bot,2022-06-28T22:19:11Z
1668949412,FuturaWiki,2022-06-30T12:53:47Z
1675133496,MatSuBot,2022-07-11T06:29:47Z
1681409141,Andrew012p,2022-07-18T15:01:53Z
1694725697,Infovarius,2022-08-02T21:53:19Z
1702739826,Houssam Atlas,2022-08-12T22:49:32Z
1712795660,Younes guerd,2022-08-25T11:53:00Z
1721395816,MatSuBot,2022-09-05T07:48:41Z
1726034460,BrokenSegue,2022-09-11T04:20:11Z
1726042463,BrokenSegue,2022-09-11T04:30:41Z
1729225233,KrBot,2022-09-15T13:43:30Z
1729225235,KrBot,2022-09-15T13:43:30Z
1729299813,Pengetik-AM,2022-09-15T16:26:40Z
1729411905,Gejeluk,2022-09-15T21:00:59Z
1729411921,Gejeluk,2022-09-15T21:01:00Z
1731048814,KrBot,2022-09-18T09:28:28Z
1731063461,Argo Carpathians,2022-09-18T09:59:09Z
1735997794,Harryboyles,2022-09-25T02:10:54Z
1754378550,RPI2026F1,2022-10-19T15:59:55Z
1754391989,Floyd-out,2022-10-19T16:31:06Z
1754410417,RPI2026F1,2022-10-19T17:14:16Z
1755720729,Aswn,2022-10-22T08:06:12Z
1755890157,Simone Biancolilla,2022-10-22T13:25:13Z
1755899686,Simone Biancolilla,2022-10-22T13:40:08Z
1757406817,Renamerr,2022-10-24T21:04:50Z
1761677934,MatSuBot,2022-10-31T12:35:02Z
1762213565,Laftp0,2022-11-01T11:02:15Z
1762218904,Laftp0,2022-11-01T11:16:46Z
1762219217,Laftp0,2022-11-01T11:17:47Z
1762219283,Laftp0,2022-11-01T11:17:58Z
1764536561,RPI2026F1,2022-11-04T15:37:00Z
1764563710,RPI2026F1,2022-11-04T16:19:40Z
1765459292,RPI2026F1,2022-11-05T18:33:04Z
1765459555,RPI2026F1,2022-11-05T18:33:50Z
1765497309,RPI2026F1,2022-11-05T19:35:18Z
1765526545,RPI2026F1,2022-11-05T20:34:25Z
1767082325,Wd-Ryan,2022-11-08T03:43:34Z
1767229125,KrBot,2022-11-08T09:08:34Z
1769895588,Simone Biancolilla,2022-11-12T10:03:02Z
1769895845,Simone Biancolilla,2022-11-12T10:03:28Z
1769900958,Simone Biancolilla,2022-11-12T10:15:07Z
1769903025,Simone Biancolilla,2022-11-12T10:19:47Z
1769910795,Simone Biancolilla,2022-11-12T10:37:58Z
1769912531,Simone Biancolilla,2022-11-12T10:41:17Z
1769914848,Simone Biancolilla,2022-11-12T10:46:06Z
1769915091,Simone Biancolilla,2022-11-12T10:46:24Z
1770765169,41.220.153.32,2022-11-13T13:10:00Z
1776399689,Laftp0,2022-11-21T12:13:41Z
1777791480,Xos√©,2022-11-23T17:47:51Z
1780645405,Nouzen,2022-11-28T23:01:10Z
1780645408,Nouzen,2022-11-28T23:01:11Z
1780645426,Nouzen,2022-11-28T23:01:13Z
1783155597,DannyS712,2022-12-03T03:50:16Z
1783155599,DannyS712,2022-12-03T03:50:16Z
1786932377,RPI2026F1Bot,2022-12-09T02:34:01Z
1786932380,RPI2026F1Bot,2022-12-09T02:34:02Z
1786932383,RPI2026F1Bot,2022-12-09T02:34:03Z
1786932386,RPI2026F1Bot,2022-12-09T02:34:04Z
1786932389,RPI2026F1Bot,2022-12-09T02:34:05Z
1786932392,RPI2026F1Bot,2022-12-09T02:34:06Z
1786932394,RPI2026F1Bot,2022-12-09T02:34:07Z
1786932397,RPI2026F1Bot,2022-12-09T02:34:08Z
1786932402,RPI2026F1Bot,2022-12-09T02:34:09Z
1786932406,RPI2026F1Bot,2022-12-09T02:34:10Z
1786932410,RPI2026F1Bot,2022-12-09T02:34:11Z
1786932413,RPI2026F1Bot,2022-12-09T02:34:12Z
1786932417,RPI2026F1Bot,2022-12-09T02:34:13Z
1786932419,RPI2026F1Bot,2022-12-09T02:34:14Z
1786932420,RPI2026F1Bot,2022-12-09T02:34:15Z
1791288761,Laftp0,2022-12-17T04:32:27Z
1791289818,Laftp0,2022-12-17T04:35:19Z
1791289914,Laftp0,2022-12-17T04:35:25Z
1791297865,Laftp0,2022-12-17T04:55:52Z
1791297930,Laftp0,2022-12-17T04:56:03Z
1791297936,Laftp0,2022-12-17T04:56:11Z
1791298274,Laftp0,2022-12-17T04:57:12Z
1791298911,Laftp0,2022-12-17T04:59:06Z
1791299325,Laftp0,2022-12-17T05:00:33Z
1791299570,Laftp0,2022-12-17T05:01:17Z
1791299641,Laftp0,2022-12-17T05:01:35Z
1791299774,Laftp0,2022-12-17T05:01:51Z
1791299914,Laftp0,2022-12-17T05:02:23Z
1791301253,Laftp0,2022-12-17T05:05:55Z
1791301374,Laftp0,2022-12-17T05:06:16Z
1791301464,Laftp0,2022-12-17T05:06:34Z
1791301563,Laftp0,2022-12-17T05:06:52Z
1791301647,Laftp0,2022-12-17T05:07:06Z
1791301804,Laftp0,2022-12-17T05:07:42Z
1791301956,Laftp0,2022-12-17T05:08:00Z
1791302047,Laftp0,2022-12-17T05:08:27Z
1791308281,Laftp0,2022-12-17T05:27:33Z
1791308845,Laftp0,2022-12-17T05:29:17Z
1791309456,Laftp0,2022-12-17T05:31:13Z
1791310942,Laftp0,2022-12-17T05:35:43Z
1791311179,Laftp0,2022-12-17T05:36:26Z
1791311180,Laftp0,2022-12-17T05:36:27Z
1791311733,Laftp0,2022-12-17T05:39:00Z
1791311871,Laftp0,2022-12-17T05:39:22Z
1791312140,Laftp0,2022-12-17T05:40:27Z
1791665354,Jean-Fr√©d√©ric,2022-12-17T21:26:34Z
1794257382,RPI2026F1Bot,2022-12-22T15:56:05Z
1794257393,RPI2026F1Bot,2022-12-22T15:56:06Z
1794257402,RPI2026F1Bot,2022-12-22T15:56:07Z
1794257411,RPI2026F1Bot,2022-12-22T15:56:08Z
1794257420,RPI2026F1Bot,2022-12-22T15:56:09Z
1794257434,RPI2026F1Bot,2022-12-22T15:56:10Z
1794257534,RPI2026F1,2022-12-22T15:56:21Z
1794257578,RPI2026F1Bot,2022-12-22T15:56:41Z
1795290222,RPI2026F1Bot,2022-12-24T17:07:39Z
1795290225,RPI2026F1Bot,2022-12-24T17:07:40Z
1795290232,RPI2026F1Bot,2022-12-24T17:07:41Z
1795290241,RPI2026F1Bot,2022-12-24T17:07:42Z
1795290246,RPI2026F1Bot,2022-12-24T17:07:43Z
1795290267,RPI2026F1Bot,2022-12-24T17:07:45Z
1795290273,RPI2026F1Bot,2022-12-24T17:07:46Z
1795290276,RPI2026F1Bot,2022-12-24T17:07:47Z
1795290278,RPI2026F1Bot,2022-12-24T17:07:48Z
1795290283,RPI2026F1Bot,2022-12-24T17:07:49Z
1795290289,RPI2026F1Bot,2022-12-24T17:07:50Z
1795290292,RPI2026F1Bot,2022-12-24T17:07:51Z
1795290295,RPI2026F1Bot,2022-12-24T17:07:52Z
1795290852,RPI2026F1,2022-12-24T17:09:50Z
1795290918,RPI2026F1Bot,2022-12-24T17:10:01Z
1795290924,RPI2026F1Bot,2022-12-24T17:10:02Z
1795290945,RPI2026F1Bot,2022-12-24T17:10:04Z
1795290949,RPI2026F1Bot,2022-12-24T17:10:05Z
1795290953,RPI2026F1Bot,2022-12-24T17:10:06Z
1795291476,RPI2026F1Bot,2022-12-24T17:12:02Z
1795380504,RPI2026F1Bot,2022-12-24T23:32:43Z
1795380507,RPI2026F1Bot,2022-12-24T23:32:45Z
1795380513,RPI2026F1Bot,2022-12-24T23:32:47Z
1795380516,RPI2026F1Bot,2022-12-24T23:32:48Z
1795380519,RPI2026F1Bot,2022-12-24T23:32:49Z
1795380522,RPI2026F1Bot,2022-12-24T23:32:50Z
1795941048,RPI2026F1Bot,2022-12-26T04:30:15Z
1795941051,RPI2026F1Bot,2022-12-26T04:30:16Z
1795941054,RPI2026F1Bot,2022-12-26T04:30:17Z
1795941058,RPI2026F1Bot,2022-12-26T04:30:18Z
1795941063,RPI2026F1Bot,2022-12-26T04:30:19Z
1795941066,RPI2026F1Bot,2022-12-26T04:30:20Z
1795941070,RPI2026F1Bot,2022-12-26T04:30:21Z
1795941074,RPI2026F1Bot,2022-12-26T04:30:22Z
1795941077,RPI2026F1Bot,2022-12-26T04:30:23Z
1795941079,RPI2026F1Bot,2022-12-26T04:30:24Z
1795941082,RPI2026F1Bot,2022-12-26T04:30:25Z
1795941084,RPI2026F1Bot,2022-12-26T04:30:26Z
1795941089,RPI2026F1Bot,2022-12-26T04:30:27Z
1797506675,RPI2026F1,2022-12-28T19:50:13Z
1797506680,RPI2026F1,2022-12-28T19:50:13Z
1805609069,RPI2026F1Bot,2023-01-07T13:39:38Z
1805609079,RPI2026F1Bot,2023-01-07T13:39:39Z
1809158632,Marko Kaf√©,2023-01-11T09:36:54Z
1809160110,Marko Kaf√©,2023-01-11T09:39:43Z
1810909294,Kirilloparma,2023-01-13T19:26:00Z
1815618273,Kirilloparma,2023-01-20T18:24:58Z
1818519341,Lockal,2023-01-24T18:09:29Z
1818990352,Laftp0,2023-01-25T12:59:45Z
1819389595,Frank b26,2023-01-26T00:44:55Z
1823250059,Laftp0,2023-01-31T09:01:44Z
1826653209,MidleadingBot,2023-02-05T07:02:35Z
1828747548,1silent scientist,2023-02-07T18:38:50Z
1844613423,Indpcatll,2023-03-03T14:14:27Z
1846140348,–ú–∏—Ö–∞–π–ª–æ –ö–æ–ø—á–µ–Ω–∫–æ,2023-03-06T12:56:43Z
1846875436,Simone Biancolilla,2023-03-07T20:44:53Z
1850226019,MidleadingBot,2023-03-12T06:31:47Z
1860974934,SMP,2023-03-25T16:35:54Z
1861583633,MidleadingBot,2023-03-26T08:49:16Z
1864785132,Simone Biancolilla,2023-03-30T19:00:31Z
1864785240,Simone Biancolilla,2023-03-30T19:00:41Z
1864785433,Simone Biancolilla,2023-03-30T19:01:06Z
1879039818,91.63.227.71,2023-04-20T12:04:26Z
1879446207,Kirilloparma,2023-04-21T02:14:01Z
1885045610,Mullanur,2023-04-29T16:31:46Z
1901509191,BorkedBot,2023-05-23T15:09:52Z
1901509206,BorkedBot,2023-05-23T15:09:55Z
1901509222,BorkedBot,2023-05-23T15:09:58Z
1901509242,BorkedBot,2023-05-23T15:10:01Z
1901509257,BorkedBot,2023-05-23T15:10:04Z
1901509270,BorkedBot,2023-05-23T15:10:07Z
1901509294,BorkedBot,2023-05-23T15:10:10Z
1901509316,BorkedBot,2023-05-23T15:10:13Z
1901509335,BorkedBot,2023-05-23T15:10:16Z
1916694300,G√∂khan eloglu,2023-06-16T17:03:20Z
1922063269,Indpcatll,2023-06-23T11:41:41Z
1922063277,Indpcatll,2023-06-23T11:41:42Z
1922068578,Indpcatll,2023-06-23T11:52:09Z
1922068658,Indpcatll,2023-06-23T11:52:20Z
1924325230,MatSuBot,2023-06-26T17:55:40Z
1926921402,PetrixImmanol,2023-07-01T08:59:44Z
1926921469,PetrixImmanol,2023-07-01T08:59:54Z
1927654119,41.220.146.245,2023-07-02T14:44:26Z
1945139400,190.233.184.125,2023-08-02T18:04:23Z
1945210360,Bencemac,2023-08-02T20:15:57Z
1946333615,129.45.29.60,2023-08-04T15:54:48Z
1946398994,Bencemac,2023-08-04T17:47:06Z
1949607003,5.174.207.242,2023-08-08T14:32:25Z
1955375812,MidleadingBot,2023-08-17T10:36:47Z
1960916637,BillGiant2020,2023-08-25T11:46:23Z
1960916642,BillGiant2020,2023-08-25T11:46:23Z
1960916702,BillGiant2020,2023-08-25T11:46:35Z
1961896983,Cherry Blossom Angel,2023-08-26T21:26:30Z
1963352963,Binarycat64,2023-08-28T20:12:22Z
1963838416,190.233.184.125,2023-08-29T11:48:27Z
1963853693,Bencemac,2023-08-29T12:11:59Z
1963856518,190.233.184.125,2023-08-29T12:16:11Z
1963857737,190.233.184.125,2023-08-29T12:17:53Z
1963931207,Bencemac,2023-08-29T14:13:09Z
1964040992,190.233.184.125,2023-08-29T17:26:05Z
1965274489,Bencemac,2023-08-31T09:55:51Z
1966210928,190.233.184.125,2023-09-01T21:13:33Z
1966465157,Bencemac,2023-09-02T07:30:20Z
1967672673,190.233.184.125,2023-09-03T21:56:09Z
1969382553,190.233.184.125,2023-09-06T20:23:30Z
1969403046,190.233.184.125,2023-09-06T20:54:31Z
1974831665,Kurisu9308,2023-09-15T10:37:24Z
1974841573,Kurisu9308,2023-09-15T10:58:23Z
1975172990,Kurisu9308,2023-09-15T21:26:22Z
1975285926,Kirilloparma,2023-09-16T01:50:59Z
1979490977,Bitbotje,2023-09-22T14:38:36Z
1980500687,190.239.192.146,2023-09-24T04:04:54Z
1991277221,87.2.118.229,2023-10-14T14:16:46Z
1995086487,Simone Biancolilla,2023-10-22T09:55:21Z
1995086711,Simone Biancolilla,2023-10-22T09:55:57Z
1997745169,VulcanSphere,2023-10-26T13:47:40Z
1997745315,VulcanSphere,2023-10-26T13:47:51Z
2005614795,Shin Kurogane,2023-11-06T14:46:34Z
2005616646,Shin Kurogane,2023-11-06T14:49:17Z
2005938840,ÿ≥ÿπŸàÿØ ÿ®ŸÜ ÿ•ÿ®ÿ±ÿßŸáŸäŸÖ ÿßŸÑÿ®ŸÑŸàŸä,2023-11-06T22:47:52Z
2008271629,Panmora,2023-11-10T18:35:18Z
2008592500,Mintu Martin,2023-11-11T03:12:20Z
2010066981,102.164.100.80,2023-11-13T06:04:38Z
2015804771,Caciulacdlac,2023-11-22T12:34:35Z
2016238390,Bitbotje,2023-11-23T06:46:52Z
2017920090,190.239.192.75,2023-11-26T02:49:42Z
2017978295,Baji,2023-11-26T05:00:47Z
2017978484,Baji,2023-11-26T05:01:09Z
2017978538,Baji,2023-11-26T05:01:20Z
2021430242,190.239.192.192,2023-12-01T14:36:15Z
2021460749,Baji,2023-12-01T15:50:01Z
2021461200,Baji,2023-12-01T15:50:45Z
2022833921,2603:7080:CE3A:B700:E1C0:7351:5791:25C1,2023-12-03T07:52:31Z
2022834301,2603:7080:CE3A:B700:E1C0:7351:5791:25C1,2023-12-03T07:53:40Z
2029633994,KrBot,2023-12-14T09:11:27Z
2033105888,Baetalicma,2023-12-20T08:12:52Z
2035478911,Baetalicma,2023-12-24T01:32:16Z
2035533719,Kirilloparma,2023-12-24T02:59:13Z
2039022976,Matthias M.,2023-12-28T10:16:51Z
2042729235,MatSuBot,2024-01-01T20:40:00Z
2046251066,Andre Engels,2024-01-05T16:49:22Z
2056793429,MatSuBot,2024-01-18T14:21:16Z
2058659917,Tahir mq,2024-01-21T06:17:05Z
2060820383,Xzonn2000,2024-01-24T05:29:19Z
2060821069,Xzonn2000,2024-01-24T05:30:58Z
2061343124,191.97.20.9,2024-01-24T23:28:38Z
2065303327,Balise42,2024-01-30T16:17:20Z
2067449422,Simone Biancolilla,2024-02-02T20:16:51Z
2067449490,Simone Biancolilla,2024-02-02T20:16:58Z
2072156985,45.189.108.169,2024-02-08T20:17:58Z
2073292803,Odneir foy,2024-02-10T04:17:06Z
2073923829,Ehrlich91,2024-02-10T20:52:24Z
2080367362,Shunshen Lee,2024-02-18T06:17:57Z
2080368360,Shunshen Lee,2024-02-18T06:19:33Z
2080369126,Shunshen Lee,2024-02-18T06:20:48Z
2087039463,Poig97,2024-02-25T17:28:32Z
2092615833,Pirehelokan,2024-03-03T04:19:30Z
2095938531,Floyd-out,2024-03-07T11:27:11Z
2095938775,Floyd-out,2024-03-07T11:27:57Z
2095939077,Floyd-out,2024-03-07T11:28:50Z
2135107153,Indpcatll,2024-04-22T22:27:27Z
2145031065,Kirilloparma,2024-05-05T00:47:41Z
2162325459,Nomadbones,2024-05-23T08:50:34Z
2162325467,Nomadbones,2024-05-23T08:50:35Z
2162325474,Nomadbones,2024-05-23T08:50:36Z
2162327692,Nomadbones,2024-05-23T08:54:34Z
2168219197,Ceaseless Watcher,2024-05-29T23:05:01Z
2189465542,Ameisenigel,2024-06-26T23:48:50Z
2193148144,Andrew012p,2024-07-01T16:06:46Z
2199619176,Ameisenigel,2024-07-09T18:51:23Z
2217908072,Houssam Atlas,2024-08-01T07:55:18Z
2237048622,CiphriusKane,2024-08-26T23:50:33Z
2241416673,AramBot,2024-09-01T10:08:11Z
2262256680,Argo Carpathians,2024-10-19T01:50:38Z
2262256682,Argo Carpathians,2024-10-19T01:50:39Z
2262256758,Argo Carpathians,2024-10-19T01:51:08Z
2262256761,Argo Carpathians,2024-10-19T01:51:09Z
2262256804,Argo Carpathians,2024-10-19T01:51:23Z
2262260169,Argo Carpathians,2024-10-19T02:13:30Z
2262277274,Itsmine,2024-10-19T04:03:33Z
2268839134,OQZYwD0R,2024-11-01T23:11:04Z
2278931156,DifoolBot,2024-11-24T01:18:05Z
2279685280,Michael1809*Mike,2024-11-25T17:56:15Z
2279685473,Michael1809*Mike,2024-11-25T17:57:01Z
2280747040,Fryed-peach,2024-11-28T15:48:20Z
2280747046,Fryed-peach,2024-11-28T15:48:21Z
2282085755,Huy91,2024-12-01T04:15:29Z
2282085760,Huy91,2024-12-01T04:15:30Z
2289489561,Ramadhani Mushi,2024-12-19T14:26:22Z
2292813394,MatSuBot,2024-12-30T05:24:45Z
2296161134,Stefangrotz,2025-01-08T10:49:11Z
2300009707,Simone Biancolilla,2025-01-19T22:05:10Z
2302136817,Shei98,2025-01-25T02:07:21Z
2310257741,Waluyo82,2025-02-12T03:07:54Z
2310317905,Bencemac,2025-02-12T07:03:13Z
2316815188,Malte Tanjsek,2025-02-25T15:23:08Z
2327001991,Ekminarin,2025-03-19T05:20:37Z
2328498323,Wikipidiya1,2025-03-22T04:17:53Z
2333050571,MatSuBot,2025-03-31T22:10:09Z
2333365596,Senindu Adrew,2025-04-01T17:16:29Z
2334519616,‡§Ö‡§ú‡•Ä‡§§ ‡§ï‡•Å‡§Æ‡§æ‡§∞ ‡§§‡§ø‡§µ‡§æ‡§∞‡•Ä,2025-04-04T12:32:13Z
2344299514,Senindu Adrew,2025-05-03T19:10:44Z
2348960055,Jagseer S Sidhu,2025-05-16T04:38:08Z
2348963890,Jagseer S Sidhu,2025-05-16T05:00:49Z
2348964346,Jagseer S Sidhu,2025-05-16T05:03:56Z
2348964674,Jagseer S Sidhu,2025-05-16T05:05:59Z
2352799013,MatSuBot,2025-05-26T08:34:26Z
2353303108,CamomillE,2025-05-27T08:05:03Z
2358546723,Jwillikers,2025-06-09T12:08:13Z
2358546767,Jwillikers,2025-06-09T12:08:31Z
2358546785,Jwillikers,2025-06-09T12:08:40Z
2358546843,Jwillikers,2025-06-09T12:08:56Z
2358546928,Jwillikers,2025-06-09T12:09:30Z
2358547034,Jwillikers,2025-06-09T12:10:07Z
2358547160,Jwillikers,2025-06-09T12:10:55Z
2358547290,Jwillikers,2025-06-09T12:11:42Z
2358547619,Jwillikers,2025-06-09T12:13:51Z
2358547854,Jwillikers,2025-06-09T12:15:22Z
2358547978,Jwillikers,2025-06-09T12:16:14Z
2358557622,Jwillikers,2025-06-09T12:59:59Z
2358557884,Jwillikers,2025-06-09T13:01:01Z
2358558111,Jwillikers,2025-06-09T13:01:49Z
